<?xml version="1.0" encoding="utf-8"?>
<LinearLayout xmlns:android="http://schemas.android.com/apk/res/android"
    xmlns:tools="http://schemas.android.com/tools" android:layout_width="match_parent"
    android:layout_height="match_parent" android:orientation="vertical" android:padding="16dp"
    tools:context=".MainActivity">

    <LinearLayout android:layout_width="match_parent" android:layout_height="wrap_content"
        android:layout_marginBottom="8dp" android:gravity="center_vertical"
        android:orientation="horizontal">

        <Button android:id="@+id/button1" android:layout_width="0dp"
            android:layout_height="wrap_content" android:layout_weight="1"
            android:text="Button 1" />

        <ImageView android:id="@+id/icon1" android:layout_width="48dp" android:layout_height="48dp"
            android:layout_marginStart="8dp" android:src="@drawable/ic_launcher_foreground" />
    </LinearLayout>

    <LinearLayout android:layout_width="match_parent" android:layout_height="wrap_content"
        android:layout_marginBottom="8dp" android:gravity="center_vertical"
        android:orientation="horizontal">

        <Button android:id="@+id/button2" android:layout_width="0dp"
            android:layout_height="wrap_content" android:layout_weight="1"
            android:text="Button 2" />

        <ImageView android:id="@+id/icon2" android:layout_width="48dp" android:layout_height="48dp"
            android:layout_marginStart="8dp" android:src="@drawable/ic_launcher_foreground" />
    </LinearLayout>

    <LinearLayout android:layout_width="match_parent" android:layout_height="wrap_content"
        android:gravity="center_vertical" android:orientation="horizontal">

        <Button android:id="@+id/button3" android:layout_width="0dp"
            android:layout_height="wrap_content" android:layout_weight="1"
            android:text="Button 3" />

        <ImageView android:id="@+id/icon3" android:layout_width="48dp" android:layout_height="48dp"
            android:layout_marginStart="8dp" android:src="@drawable/ic_launcher_foreground" />
    </LinearLayout>
</LinearLayout>